<?xml version="1.0" encoding="UTF-8"?>
<actions>

<!-- Pacotes -->
<action itemid="16101"  script="pacotes/premium scroll.lua" />

<!-- Dungeons -->
<!-- Diarios -->
<action actionid="40000" script="dungeon/bau diario/1.lua" /> 
<action actionid="40001" script="dungeon/bau diario/2.lua" /> 
<!-- Modo Historia -->
<action actionid="3000" script="lore/(1)book.lua" /> 
<action actionid="46000" script="lore/bau/1.lua" /> 
<action actionid="46001" script="lore/bau/2.lua" /> 
<!-- Baus -->
<action actionid="3001" script="dungeon/chaves/chave(dungeon 2).lua" /> 
<action actionid="3002" script="quests.lua" /> 
<action actionid="3003" script="quests.lua" /> 
<action actionid="3004" script="quests.lua" /> 
<action actionid="3005" script="quests.lua" /> 
<action actionid="3006" script="quests.lua" /> 
<action actionid="3007" script="quests.lua" /> 
<action actionid="3008" script="quests.lua" /> 
<action actionid="3009" script="quests.lua" /> 
<action actionid="3010" script="quests.lua" /> 
<action actionid="3011" script="quests.lua" /> 
<action actionid="3012" script="quests.lua" /> 
<action actionid="3014" script="quests.lua" /> 
<action actionid="3015" script="quests.lua" /> 
<action actionid="3016" script="quests.lua" /> 
<action actionid="3017" script="quests.lua" /> 
<action actionid="3019" script="quests.lua" /> 
<action actionid="3020" script="quests.lua" /> 
<action actionid="3021" script="quests.lua" /> 
<action actionid="3022" script="quests.lua" /> 
<action actionid="3023" script="quests.lua" /> 
<action actionid="3024" script="quests.lua" /> 
<!-- PEDRAS -->
<action itemid="8300" script="pedras.lua" /> 
<action itemid="8302" script="pedras.lua" /> 
<!-- CraftingS ystem -->
<action itemid="26448" script="refinar.lua" /> 
<!--Traps-->
<action actionid="3013" script="traps/brain(trap).lua" /> 
<action actionid="3018" script="traps/groter(trap).lua" /> 


	
	<action itemid="23760" script="lionrock.lua" />
	<action itemid="23835" script="lionrock.lua" />
	<action itemid="10551" script="lionrock.lua" /> 
	<action fromaid="41354" toaid="41357" script="lionrock.lua" />
    <action actionid="41345" script="lionrock.lua" />
	
	<!-- CraftingS ystem -->
	<action itemid="2555" script="crafting.lua"/>
	
	
	<action itemid="22614" script="beacon1.lua"/>
	<action itemid="22615" script="beacon2.lua"/>
	
	<action itemid="25420" script="feru.lua"/>
	
	<action itemid="24809" script="cavera.lua"/>
	<action itemid="24810" script="cavera1.lua"/>
	
<action itemid="22535" script="ResonanceChamber.lua"/>

<action actionid="12441" script="espelho.lua"/>
<action itemid="15358" script="ancora.lua"/>

<action itemid="25524" script="rookslayer.lua"/>
 <action itemid="11101" script="other/donate.lua"/>
<!-- Reward Chest System 
<action itemid="21584"  script="rewardchest.lua"/>-->

<action actionid="61221" script="dwarven.lua"/>
 
 <action itemid="25423" script="amulet.lua"/>

<action actionid="37412" script="rew.lua"/>
<action itemid="22542" script="string of mending.lua"/>
<action itemid="24739" script="wolfamulet.lua"/>
<!--<action itemid="7418" script="lions.lua"/>
<action itemid="7428" script="nailcase.lua"/>-->
<action itemid="7449" script="golem.lua"/>
<!--<action itemid="11305" script="boar.lua"/>-->
<action actionid="19075" script="pared.lua"/>

<action itemid="25395" script="ovo.lua"/>
<action itemid="21382" script="ovo1.lua"/>
<!-- Oramond -->
	<action itemid="23422" script="other/oramond_elevador.lua" />
	<action itemid="23429" script="other/oramond_elevador.lua" />
	<action fromaid="22840" toaid="22841" script="other/oramond_elevador.lua"/>
	<!--<action itemid="22845" script="other/oramond_tp.lua"/>
	<action itemid="22846" script="other/oramond_tp.lua"/>-->
	<action itemid="23669" script="other/oramond_bueros.lua"/>
	<action itemid="23668" script="other/oramond_escadas.lua"/>
	<action itemid="22944" script="other/teleportwest2.lua"/>
	<action itemid="22949" script="other/teleportnorth2.lua"/>
	
	
      <!-- MINHAS ACTIONS VIKING -->
		<action itemid="19192" script="skeleton.lua"/>
		<action itemid="8981" script="exp.lua"/> 

	 
	 <!--<action itemid="22642" script="other/frazzlemaw.lua" />
	 <action itemid="24321" script="other/maxxen.lua" />
	 <action itemid="22643" script="other/leafgolem.lua" />-->
	 

	 <action itemid="13030" script="other/change_sex.lua"/>
    <action itemid="12544" script="other/stamina_refuel.lua"/>
	<action itemid="11144" script="other/frag_remover.lua"/>    
	<!-- <action itemid="8982" script="addons/modalAD.lua"/>-->
   <!-- <action itemid="9019" script="addons/modalMD.lua"/>-->
	<action itemid="24763" script="addons/modalMD1.lua"/> 
	<action itemid="26194" script="addons/VibrantEgg.lua"/> 
	
	<action actionid="14247" script="rahemos.lua" />
	
	<action actionid="22829" script="portaY.lua" />
	<!--<action actionid="12356" script="portaX.lua" /> 
	<action actionid="12359" script="portaY.lua" />-->
	
	<action actionid="19021" script="ora.lua"/>
	<action actionid="19022" script="ora1.lua"/>
	<action actionid="19024" script="ora2.lua"/>
	<action actionid="19074" script="placa.lua"/>
	<action actionid="19079" script="krailos.lua"/>
	<action actionid="19023" script="skeleton1.lua"/>
	<!-- Beggar Outfits Quest by Viking Tibia -->
	<!--<action actionid="19900" script="quests/beggar outfit quest/StaffDoor.lua"/>-->
	<!-- Chayenne Realm Quest -->
	<action actionid="55021" script="quests/chayenne realm quest/lever.lua" /> 
	<action actionid="55023" script="quests/chayenne realm quest/reward.lua" /> 
		
	
	<!-- Oramond Quest -->
	<action uniqueid="12028" script="nibelor1.lua"/>
	<action uniqueid="12027" script="nibelor.lua"/>
	
	<action uniqueid="12025" script="inukaya.lua"/>
	<action uniqueid="12026" script="inukaya2.lua"/>
				
			
	<action itemid="22598" script="other/unrealized dream.lua"/>		
	<action itemid="22726" script="other/ursagrodon.lua" />
	<action itemid="23574" script="other/glooth_bag.lua"/>
	
	<!-- Tinder Box Quest -->
	<action uniqueid="21137" script="quests/tinder box/tinderBoxQuest.lua" />
	<action itemid="22728" script="quests/tinder box/tinderBox.lua" />
	
	<!-- Weapons enchanting (Gems) -->
	<action fromid="2146" toid="2147" script="other/enchanting.lua" />
	<action fromid="2149" toid="2150" script="other/enchanting.lua" />
	<action fromid="7759" toid="7762" script="other/enchanting.lua" />

	<!-- Ceremonial ankh & Ornamented brooch -->
	<action itemid="12424" script="other/checkbless.lua" />
	<action itemid="6561" script="other/checkbless.lua" />

 	<!-- Taming Items -->
	<action itemid="5907" script="other/taming.lua" />
	<action itemid="13247" script="other/taming.lua" />
	<action fromid="13291" toid="13295" script="other/taming.lua" />
	<action itemid="13298" script="other/taming.lua" />
	<action itemid="13305" script="other/taming.lua" />
	<action itemid="13307" script="other/taming.lua" />
	<action itemid="13498" script="other/taming.lua" />
	<action itemid="13508" script="other/taming.lua" />
	<action itemid="21452" script="other/taming.lua" />
	<action fromid="13535" toid="13539" script="other/taming.lua" />
	<action fromid="13938" toid="13939" script="other/taming.lua" />
	<action itemid="13941" script="other/cup of molten gold.lua" />
	<action fromid="15545" toid="15546" script="other/taming.lua" />
	<action fromid="18447" toid="18449" script="other/taming.lua" />
	<action itemid="18511" script="other/musicbox.lua" />
	<action itemid="18516" script="other/taming.lua" />
	<action itemid="20138" script="other/taming.lua" />
	<action itemid="22608" script="other/taming.lua" />
	<action itemid="23810" script="other/taming.lua" />
	<action itemid="23557" script="other/taming.lua" />

	<!-- Offline Training -->
	<action fromid="18488" toid="18492" script="other/offlinetraining.lua" />
	<action itemid="12397" script="other/trainingbook.lua" />


	<!-- Gravedigger -->
	<action actionid="4630" script="quests/gravedigger/amforas.lua" />
	<action actionid="4631" script="quests/gravedigger/brain.lua" />
	<action itemid="21407" script="quests/gravedigger/bones.lua" />
	<action itemid="21245" script="quests/gravedigger/tincture.lua" />
	<action actionid="4636" script="quests/gravedigger/statue.lua" />
	<action itemid="21247" script="quests/gravedigger/chalk.lua" />
	<action itemid="21482" script="quests/gravedigger/key.lua" />
	<action itemid="21448" script="quests/gravedigger/candles.lua" />
	<action itemid="21248" script="quests/gravedigger/monks.lua" />
	<action itemid="21417" script="quests/gravedigger/blood.lua" />
	<action itemid="21449" script="quests/gravedigger/pyramids.lua" />
	<action itemid="21249" script="quests/gravedigger/pyramids2.lua" />
	
	<action actionid="4650" script="quests/gravedigger/palanca.lua" />
	<action itemid="21489" script="quests/gravedigger/key2.lua" />
	<action itemid="21464" script="quests/gravedigger/cape.lua" />
	<action actionid="4662" script="quests/gravedigger/scroll.lua" />	
	<action actionid="4669" script="quests/gravedigger/estante.lua" />
	<action uniqueid="4663" script="quests/gravedigger/caixa.lua" />
	<action itemid="21251" script="quests/gravedigger/sacrifici.lua" />
	<action fromaid="4651" toaid="4653" script="quests/gravedigger/inscriptions.lua" />
	<action itemid="21446" script="quests/gravedigger/ashes.lua" />
	<action itemid="21406" script="quests/gravedigger/hallowed.lua" />
	<action itemid="21401" script="quests/gravedigger/tears.lua" />
	<action itemid="21402" script="quests/gravedigger/flask.lua" />

	<action actionid="42139" script="escada.lua" />


	<!-- Tools -->
	<action itemid="13158" script="tools/present.lua" />	
	<action itemid="8717" script="tools/lockPick.lua" />
	<action itemid="8613" script="tools/bricklayerKit.lua" />
	<action itemid="2557" script="tools/hammer.lua" />
	<action itemid="2558" script="tools/saw.lua" />
	<action itemid="5865" script="tools/juice squeezer.lua" />
	<action itemid="2416" script="tools/crowbar.lua" />
	<action itemid="2420" script="tools/machete.lua" />
	<action itemid="2565" script="tools/spoon.lua" />
	<action itemid="2566" script="tools/kitchenknife.lua" />
	<action itemid="2549" script="tools/rake.lua" />
	<action itemid="2550" script="tools/scythe.lua" />
	<action itemid="2580" script="tools/fishing.lua" allowfaruse="1" />
	
	<action itemid="10223" script="tools/fish2.lua" allowfaruse="1" />
	
	<action itemid="5710" script="tools/shovel.lua" />
	<action itemid="2554" script="tools/shovel.lua" />
	<action itemid="2120" script="tools/rope.lua" />
	<action itemid="7731" script="tools/rope.lua" />
	<action itemid="2553" script="tools/pick.lua" />
	<action itemid="5908" script="tools/skinning.lua" />
	<action itemid="5942" script="tools/skinning.lua" />
	<action itemid="9930" script="tools/rustremover.lua" />
	<action itemid="10511" script="tools/toolgear.lua" />
	<action itemid="10513" script="tools/toolgear.lua" />
	<action itemid="10515" script="tools/toolgear.lua" />
	<action itemid="10309" script="tools/noxiousclaw.lua" />
	
	<action itemid="2405" script="tools/sickle.lua" />

	<!-- Increase/Decrease ItemId -->
	<action itemid="3697" function="increaseItemId" />
	<action itemid="3698" function="decreaseItemId" />
	<action itemid="1873" function="increaseItemId" />
	<action itemid="1874" function="decreaseItemId" />
	<action itemid="1875" function="increaseItemId" />
	<action itemid="1876" function="decreaseItemId" />
	<action itemid="2162" function="increaseItemId" />
	<action itemid="2163" function="decreaseItemId" />
	<action itemid="3743" function="increaseItemId" />
	<action itemid="3744" function="decreaseItemId" />
	<action itemid="3947" function="increaseItemId" />
	<action itemid="3948" function="decreaseItemId" />
	<action itemid="1479" function="increaseItemId" />
	<action itemid="1480" function="decreaseItemId" />
	<action itemid="1945" function="increaseItemId" />
	<action itemid="1946" function="decreaseItemId" />
	<action itemid="2037" function="increaseItemId" />
	<action itemid="2038" function="decreaseItemId" />
	<action itemid="2039" function="increaseItemId" />
	<action itemid="2040" function="decreaseItemId" />
	<action itemid="2058" function="increaseItemId" />
	<action itemid="2059" function="decreaseItemId" />
	<action itemid="2060" function="increaseItemId" />
	<action itemid="2061" function="decreaseItemId" />
	<action itemid="2066" function="increaseItemId" />
	<action itemid="2067" function="decreaseItemId" />
	<action itemid="2068" function="increaseItemId" />
	<action itemid="2069" function="decreaseItemId" />
	<action itemid="2064" function="increaseItemId" />
	<action itemid="2065" function="decreaseItemId" />
	<action itemid="2578" function="increaseItemId" />
	<action itemid="2096" function="increaseItemId" />
	<action itemid="2097" function="decreaseItemId" />
	<action itemid="1786" function="increaseItemId" />
	<action itemid="1787" function="decreaseItemId" />
	<action itemid="1788" function="increaseItemId" />
	<action itemid="1789" function="decreaseItemId" />
	<action itemid="1790" function="increaseItemId" />
	<action itemid="1791" function="decreaseItemId" />
	<action itemid="1792" function="increaseItemId" />
	<action itemid="1793" function="decreaseItemId" />
	<action itemid="1634" function="increaseItemId" />
	<action itemid="1635" function="decreaseItemId" />
	<action itemid="1636" function="increaseItemId" />
	<action itemid="1637" function="decreaseItemId" />
	<action itemid="1638" function="increaseItemId" />
	<action itemid="1639" function="decreaseItemId" />
	<action itemid="1640" function="increaseItemId" />
	<action itemid="1641" function="decreaseItemId" />
	<action itemid="5812" function="increaseItemId" />
	<action itemid="5813" function="decreaseItemId" />
	<action itemid="6489" function="increaseItemId" />
	<action itemid="6490" function="decreaseItemId" />
	<action itemid="7058" function="increaseItemId" />
	<action itemid="7059" function="decreaseItemId" />
	<action itemid="8684" function="increaseItemId" />
	<action itemid="8685" function="decreaseItemId" />
	<action itemid="8686" function="increaseItemId" />
	<action itemid="8687" function="decreaseItemId" />
	<action itemid="8688" function="increaseItemId" />
	<action itemid="8689" function="decreaseItemId" />
	<action itemid="8690" function="increaseItemId" />
	<action itemid="8691" function="decreaseItemId" />
	<action itemid="9575" function="increaseItemId" />
	<action itemid="9576" function="decreaseItemId" />
	<action itemid="9577" function="increaseItemId" />
	<action itemid="9578" function="decreaseItemId" />
	<action itemid="9579" function="increaseItemId" />
	<action itemid="9580" function="decreaseItemId" />
	<action itemid="9581" function="increaseItemId" />
	<action itemid="9582" function="decreaseItemId" />
	<action itemid="9747" function="increaseItemId" />
	<action itemid="9748" function="decreaseItemId" />
	<action itemid="9749" function="increaseItemId" />
	<action itemid="9750" function="decreaseItemId" />
	<action itemid="19691" function="increaseItemId" />
	<action itemid="19692" function="decreaseItemId" />
	<action itemid="22868" function="increaseItemId" />
	<action itemid="22869" function="decreaseItemId" />
	<action itemid="22870" function="increaseItemId" />
	<action itemid="22871" function="decreaseItemId" />
	<action itemid="22872" function="increaseItemId" />
	<action itemid="22873" function="decreaseItemId" />
	<action itemid="22874" function="increaseItemId" />
	<action itemid="22875" function="decreaseItemId" />

	
	<!-- FOOD JEAN PERRI -->
	
	<action itemid="9992" script="other/food2.lua" />
	<action itemid="9993" script="other/food3.lua" />
	
	
	
	
	<!-- Food -->
	<action itemid="6507" script="other/presents.lua" />
	<action itemid="6508" script="other/presents.lua" />
	<action itemid="6509" script="other/presents.lua" />
	
	<action itemid="26191" script="other/food.lua" /> <!-- energy bar -->
	<action itemid="26201" script="other/food.lua" /> <!-- energy drink -->
	
	
	<action itemid="16014" script="other/food.lua" />
	<action itemid="22644" script="other/food.lua" />
	<action itemid="24843" script="other/food.lua" />
	<action itemid="2328" script="other/food.lua" />
	<action itemid="2362" script="other/food.lua" />
	<action fromid="2666" toid="2691" script="other/food.lua" />
	<action itemid="2696" script="other/food.lua" />
	<action fromid="2787" toid="2796" script="other/food.lua" />
	<action itemid="5097" script="other/food.lua" />
	<action itemid="6125" script="other/food.lua" />
	<action fromid="6278" toid="6279" script="other/food.lua" />
	<action fromid="6393" toid="6394" script="other/food.lua" />
	<action itemid="7966" script="other/food.lua" />
	<action itemid="6501" script="other/food.lua" />
	<action fromid="6541" toid="6545" script="other/food.lua" />
	<action itemid="6569" script="other/food.lua" />
	<action itemid="6574" script="other/food.lua" />
	<action fromid="7158" toid="7159" script="other/food.lua" />
	<action fromid="7372" toid="7377" script="other/food.lua" />
	<action fromid="7909" toid="7910" script="other/food.lua" />
	<action itemid="7963" script="other/food.lua" />
	<action itemid="8112" script="other/food.lua" />
	<action fromid="8838" toid="8845" script="other/food.lua" />
	<action itemid="8847" script="other/food.lua" />
	<action itemid="9005" script="other/food.lua" />
	<action itemid="9114" script="other/food.lua" />
	<action itemid="9996" script="other/food.lua" />
	<action itemid="10454" script="other/food.lua" />
	<action itemid="11246" script="other/food.lua" />
	<action itemid="11370" script="other/food.lua" />
	<action itemid="11429" script="other/food.lua" />
	<action fromid="12415" toid="12418" script="other/food.lua" />
	<action fromid="12637" toid="12639" script="other/food.lua" />
	<action itemid="13297" script="other/food.lua" />
	<action itemid="15405" script="other/food.lua" />
	<action fromid="15487" toid="15488" script="other/food.lua" />
	<action itemid="18305" script="other/food.lua" />
	<action itemid="18306" script="other/food.lua" />
	<action itemid="18397" script="other/food.lua" />
	<action itemid="19737" script="other/food.lua" />
	<action fromid="20100" toid="20101" script="other/food.lua" />
	<action itemid="23517" script="other/food.lua" />
	<action itemid="23516" script="other/food.lua" />
	<action itemid="23515" script="other/food.lua" />
	<action itemid="23514" script="other/food.lua" />
	
	<action itemid="24841" script="other/food.lua" />
	
	<action itemid="9999" script="other/blessedsteak.lua" />

	<!-- Spellbooks -->
	<action itemid="2175" script="other/spellbook.lua" />
	<action fromid="8900" toid="8904" script="other/spellbook.lua" />
	<action itemid="8918" script="other/spellbook.lua" />
	<action itemid="12647" script="other/spellbook.lua" />
	<action itemid="16112" script="other/spellbook.lua" />
	<action itemid="18401" script="other/spellbook.lua" />
	<action fromid="22422" toid="22424" script="other/spellbook.lua" />

	<!-- Construction Kits / Beds -->
	<action fromid="3901" toid="3938" script="other/constructionkits.lua" />
	<action fromid="5086" toid="5088" script="other/constructionkits.lua" />
	<action itemid="6114" script="other/constructionkits.lua" />
	<action itemid="6115" script="other/constructionkits.lua" />
	<!--<action itemid="6372" script="other/constructionkits.lua" />-->
	<action itemid="6373" script="other/constructionkits.lua" />
	<action itemid="8692" script="other/constructionkits.lua" />
	<action itemid="9974" script="other/constructionkits.lua" />
	<action itemid="11124" script="other/constructionkits.lua" />
	<action itemid="11126" script="other/constructionkits.lua" />
	<action itemid="11133" script="other/constructionkits.lua" />
	<action itemid="11205" script="other/constructionkits.lua" />
	<action itemid="14328" script="other/constructionkits.lua" />
	<action itemid="14329" script="other/constructionkits.lua" />
	<action itemid="16075" script="other/constructionkits.lua" />
	<action itemid="16099" script="other/constructionkits.lua" />
	<action itemid="20254" script="other/constructionkits.lua" />
	<action itemid="20255" script="other/constructionkits.lua" />
	<action itemid="20257" script="other/constructionkits.lua" />

	<action itemid="24683" script="vipbless.lua"/>
	
	<action fromid="7904" toid="7907" script="other/bed_modification_kits.lua" />
	<action itemid="20252" script="other/bed_modification_kits.lua" />


	<!-- Potions / Fluids -->
	<action fromid="2005" toid="2009" script="other/fluids.lua" />
	<action fromid="2011" toid="2015" script="other/fluids.lua" />
	<action itemid="2023" script="other/fluids.lua" />
	<action itemid="1775" script="other/fluids.lua" />
	<action fromid="2031" toid="2034" script="other/fluids.lua" />
	<action itemid="2562" script="other/fluids.lua" />
	<action fromid="2574" toid="2577" script="other/fluids.lua" />

	<action itemid="26031" script="other/potions.lua" />
	<action itemid="26030" script="other/potions.lua" />
	<action itemid="26029" script="other/potions.lua" />
	
	<action itemid="7588" script="other/potions.lua" />
	<action itemid="7589" script="other/potions.lua" />
	<action itemid="7590" script="other/potions.lua" />
	<action itemid="7591" script="other/potions.lua" />
	<action itemid="7618" script="other/potions.lua" />
	<action itemid="7620" script="other/potions.lua" />
	<action itemid="8472" script="other/potions.lua" />
	<action itemid="8473" script="other/potions.lua" />
	<action itemid="8474" script="other/potions.lua" />
	<action itemid="8704" script="other/potions.lua" />

	<action itemid="7439" script="other/strengthening_potions.lua" />
	<action itemid="7440" script="other/strengthening_potions.lua" />
	<action itemid="7443" script="other/strengthening_potions.lua" />

	<!-- Doors -->
	<action fromid="1209" toid="1214" script="other/doors.lua" />
	<action fromid="1219" toid="1262" script="other/doors.lua" />
	<action fromid="1539" toid="1542" script="other/doors.lua" />
	<action fromid="2086" toid="2092" script="other/doors.lua" />
	<action fromid="3535" toid="3552" script="other/doors.lua" />
	<action fromid="4913" toid="4918" script="other/doors.lua" />
	<action fromid="5082" toid="5085" script="other/doors.lua" />
	<action fromid="5098" toid="5145" script="other/doors.lua" />
	<action fromid="5278" toid="5295" script="other/doors.lua" />
	<action fromid="5515" toid="5518" script="other/doors.lua" />
	<action fromid="5732" toid="5737" script="other/doors.lua" />
	<action fromid="5745" toid="5749" script="other/doors.lua" />
	<action fromid="6192" toid="6209" script="other/doors.lua" />
	<action fromid="6249" toid="6266" script="other/doors.lua" />
	<action fromid="6795" toid="6802" script="other/doors.lua" />
	<action fromid="6891" toid="6908" script="other/doors.lua" />
	<action fromid="7033" toid="7050" script="other/doors.lua" />
	<action fromid="7054" toid="7057" script="other/doors.lua" />
	<action fromid="8541" toid="8558" script="other/doors.lua" />
	<action fromid="9165" toid="9184" script="other/doors.lua" />
	<action fromid="9267" toid="9284" script="other/doors.lua" />
	<action itemid="10032" script="other/doors.lua" />
	<action fromid="10268" toid="10285" script="other/doors.lua" />
	<action fromid="10468" toid="10486" script="other/doors.lua" />
	<action fromid="10775" toid="10777" script="other/doors.lua" />
	<action fromid="10780" toid="10786" script="other/doors.lua" />
	<action fromid="10789" toid="10792" script="other/doors.lua" />
	<action fromid="12092" toid="12105" script="other/doors.lua" />
	<action fromid="12188" toid="12190" script="other/doors.lua" />
	<action fromid="12193" toid="12199" script="other/doors.lua" />
	<action fromid="12202" toid="12205" script="other/doors.lua" />
	<action fromid="19840" toid="19857" script="other/doors.lua" />
	<action fromid="19980" toid="19997" script="other/doors.lua" />
	<action fromid="20273" toid="20290" script="other/doors.lua" />
	<action fromid="17235" toid="17238" script="other/doors.lua" />
	<action fromid="18208" toid="18209" script="other/doors.lua" />
	<action fromid="13020" toid="13023" script="other/doors.lua" />
	<action fromid="22814" toid="22831" script="other/doors.lua" />
	<action fromid="14755" toid="14760" script="other/hive_doors1.lua" />
	<action fromid="14767" toid="14771" script="other/hive_doors2.lua" />

	<!-- Other -->
	<action itemid="11339" script="other/claylump.lua" />
	<action itemid="3955" script="other/voodoo_doll.lua" />
	<action itemid="5468" script="other/firebug.lua" />
	<action itemid="5928" script="other/catchFish.lua" />
	
	<action itemid="6578" script="other/partyhat.lua" />
	<action itemid="2114" script="other/piggybank.lua" />
	<action itemid="5957" script="other/lotteryticket.lua" />
	<action fromid="6570" toid="6571" script="other/surprisebag.lua" />
	<action itemid="6576" script="other/fireworksrocket.lua" />
	<action itemid="2036" script="other/watch.lua" />
	<action fromid="1728" toid="1731" script="other/watch.lua" />
	<action itemid="6572" script="other/partytrumpet.lua" />
	<action itemid="2785" script="other/blueberrybush.lua" />
	<action itemid="2579" script="other/trap.lua" />
	<action itemid="3957" script="other/corco.lua"/>
	
	<action fromid="2070" toid="2085" script="other/music.lua" />
	<action itemid="2332" script="other/music.lua" />
	<action itemid="2364" script="other/music.lua" />
	<action fromid="2367" toid="2374" script="other/music.lua" />
	<action fromid="3951" toid="3953" script="other/music.lua" />
	<action itemid="5786" script="other/music.lua" />
	<action itemid="13759" script="other/music.lua" />
	<action fromid="2041" toid="2042" script="other/decayto.lua" />
	<action fromid="2044" toid="2045" script="other/decayto.lua" />
	<action fromid="2047" toid="2048" script="other/decayto.lua" />
	<action fromid="2050" toid="2055" script="other/decayto.lua" />
	<action itemid="430" script="other/teleport.lua" />
	<action itemid="8580" script="other/teleport.lua" />
	<action itemid="1369" script="other/teleportdrawwell.lua" />
	<action itemid="1386" script="other/teleport.lua" />
	<action itemid="3678" script="other/teleport.lua" />
	<action itemid="5543" script="other/teleport.lua" />
	<action itemid="22845" script="other/teleport.lua" />
	<action itemid="22846" script="other/teleport.lua" />
	<action fromid="2376" toid="2404" script="other/destroy.lua" />
	<action fromid="2406" toid="2415" script="other/destroy.lua" />
	<action fromid="2417" toid="2419" script="other/destroy.lua" />
	<action fromid="2421" toid="2453" script="other/destroy.lua" />
	<action fromid="5792" toid="5797" script="other/dice.lua" />
	<action itemid="6558" script="other/concentrated_demonic_blood.lua" />
	<action itemid="6277" script="other/baking.lua" />
	<action itemid="5467" script="other/baking.lua" />
	<action itemid="8846" script="other/baking.lua" /> 
	<action fromid="2692" toid="2694" script="other/baking.lua" />
	<action fromid="6436" toid="6447" script="other/windows.lua" />
	<action fromid="6450" toid="6473" script="other/windows.lua" />
	<action fromid="6788" toid="6791" script="other/windows.lua" />
	<action fromid="7025" toid="7032" script="other/windows.lua" />
	<action fromid="10264" toid="10267" script="other/windows.lua" />
	<action fromid="10488" toid="10491" script="other/windows.lua" />
	<action fromid="11258" toid="11262" script="other/blessingCharms.lua" />
	<action itemid="7737" script="other/costumebags.lua" />
	<action itemid="7739" script="other/costumebags.lua" />
	<action itemid="9076" script="other/costumebags.lua" />
	<action itemid="20220" script="other/rafzanElevator.lua" />
	<action itemid="20224" script="other/rafzanElevator.lua" />
	<action itemid="18395" script="other/muckremover.lua" />
	<action fromaid="50006" toaid="50010" script="other/horestisjars.lua" />

	<!-- Market -->
	<action itemid="14405" function="market" />

	<!-- Dolls -->
	<action itemid="5080" script="other/dolls.lua" />
	<action itemid="5669" script="other/dolls.lua" />
	<action itemid="6388" script="other/dolls.lua" />
	<action itemid="6512" script="other/dolls.lua" />
	<action itemid="6566" script="other/dolls.lua" />
	<action itemid="8974" script="other/dolls.lua" />
	<action itemid="8977" script="other/dolls.lua" />
	<!--<action itemid="8981" script="other/dolls.lua" />-->
	<!--<action itemid="8982" script="other/dolls.lua" />-->

	<!-- Valuables -->
	<action itemid="13670" script="valuables/randomitems.lua" />
	<action itemid="15572" script="valuables/randomitems.lua" />
	<action itemid="18215" script="valuables/randomitems.lua" />

</actions>
